variant,production,part_id,family,color,material,filament_lead,qty,bbox_mm,solid_volume_cm3_each,est_mass_g_each,est_mass_g_total,stl
shared,True,shared.crystal,crystal,crystal,PETG,Bambu PETG Translucent Teal,550,6.0x6.0x7.6,0.208,0.21,116.3,models/shared/stl/crystal.stl
shared,True,shared.half-crystal,crystal,crystal,PETG,Bambu PETG Translucent Teal,1,6.0x6.0x3.0,0.079,0.08,0.1,models/shared/stl/half-crystal.stl
shared,False,shared.coupon-glyph-slots,coupon,ivory,PLA,Bambu PLA Matte Ivory White,1,60.0x36.0x7.5,14.99,14.87,14.9,models/shared/stl/coupon-glyph-slots.stl
shared,False,shared.coupon-glyph-slots,coupon,charcoal,PLA,Bambu PLA Matte Charcoal,1,60.0x36.0x7.5,14.99,14.87,14.9,models/shared/stl/coupon-glyph-slots.stl
shared,False,shared.coupon-tang-gauge,coupon,fire,PLA,Bambu PLA Basic Red,1,22.0x18.5x4.5,1.49,1.48,1.5,models/shared/stl/coupon-tang-gauge.stl
shared,False,shared.coupon-tang-gauge,coupon,metal,PLA,Bambu PLA Metal Copper Brown Metallic,1,22.0x18.5x4.5,1.49,1.48,1.5,models/shared/stl/coupon-tang-gauge.stl
shared,False,shared.coupon-recess-plate,coupon,ivory,PLA,Bambu PLA Matte Ivory White,1,78.0x28.0x3.4,6.18,6.13,6.1,models/shared/stl/coupon-recess-plate.stl
shared,False,shared.coupon-recess-plate,coupon,charcoal,PLA,Bambu PLA Matte Charcoal,1,78.0x28.0x3.4,6.18,6.13,6.1,models/shared/stl/coupon-recess-plate.stl
shared,False,shared.coupon-boss-key-r0,coupon,ivory,PLA,Bambu PLA Matte Ivory White,1,22.0x22.0x4.6,1.453,1.44,1.4,models/shared/stl/coupon-boss-key-r0.stl
shared,False,shared.coupon-boss-key-r0,coupon,charcoal,PLA,Bambu PLA Matte Charcoal,1,22.0x22.0x4.6,1.453,1.44,1.4,models/shared/stl/coupon-boss-key-r0.stl
shared,False,shared.coupon-boss-key-r10,coupon,ivory,PLA,Bambu PLA Matte Ivory White,1,22.0x22.0x4.6,1.447,1.44,1.4,models/shared/stl/coupon-boss-key-r10.stl
shared,False,shared.coupon-boss-key-r10,coupon,charcoal,PLA,Bambu PLA Matte Charcoal,1,22.0x22.0x4.6,1.447,1.44,1.4,models/shared/stl/coupon-boss-key-r10.stl
shared,False,shared.coupon-boss-key-r20,coupon,ivory,PLA,Bambu PLA Matte Ivory White,1,22.0x22.0x4.6,1.441,1.43,1.4,models/shared/stl/coupon-boss-key-r20.stl
shared,False,shared.coupon-boss-key-r20,coupon,charcoal,PLA,Bambu PLA Matte Charcoal,1,22.0x22.0x4.6,1.441,1.43,1.4,models/shared/stl/coupon-boss-key-r20.stl
shared,False,shared.coupon-boss-key-r30,coupon,ivory,PLA,Bambu PLA Matte Ivory White,1,22.0x22.0x4.6,1.437,1.43,1.4,models/shared/stl/coupon-boss-key-r30.stl
shared,False,shared.coupon-boss-key-r30,coupon,charcoal,PLA,Bambu PLA Matte Charcoal,1,22.0x22.0x4.6,1.437,1.43,1.4,models/shared/stl/coupon-boss-key-r30.stl
shared,False,shared.coupon-stud-strip,coupon,gray,PLA,Bambu PLA Matte Ash Gray (alt. Nardo Gray),1,40.0x14.0x5.6,2.274,2.26,2.3,models/shared/stl/coupon-stud-strip.stl
shared,False,shared.coupon-crystal-socket-10,coupon,crystal,PETG,Bambu PETG Translucent Teal,4,6.0x6.0x7.6,0.209,0.21,0.9,models/shared/stl/coupon-crystal-socket-10.stl
shared,False,shared.coupon-crystal-socket-20,coupon,crystal,PETG,Bambu PETG Translucent Teal,4,6.0x6.0x7.6,0.208,0.21,0.8,models/shared/stl/coupon-crystal-socket-20.stl
shared,False,shared.coupon-crystal-socket-30,coupon,crystal,PETG,Bambu PETG Translucent Teal,4,6.0x6.0x7.6,0.207,0.21,0.8,models/shared/stl/coupon-crystal-socket-30.stl
shared,False,shared.coupon-crystal-socket-40,coupon,crystal,PETG,Bambu PETG Translucent Teal,4,6.0x6.0x7.6,0.206,0.21,0.8,models/shared/stl/coupon-crystal-socket-40.stl
shared,False,shared.coupon-tile-tab,coupon,gray,PLA,Bambu PLA Matte Ash Gray (alt. Nardo Gray),1,49.6x31.3x4.0,4.617,4.58,4.6,models/shared/stl/coupon-tile-tab.stl
shared,False,shared.coupon-tile-socket-15,coupon,gray,PLA,Bambu PLA Matte Ash Gray (alt. Nardo Gray),1,49.6x22.0x4.0,4.07,4.04,4.0,models/shared/stl/coupon-tile-socket-15.stl
shared,False,shared.coupon-tile-socket-25,coupon,gray,PLA,Bambu PLA Matte Ash Gray (alt. Nardo Gray),1,49.6x22.0x4.0,4.06,4.03,4.0,models/shared/stl/coupon-tile-socket-25.stl
shared,False,shared.coupon-tile-socket-35,coupon,gray,PLA,Bambu PLA Matte Ash Gray (alt. Nardo Gray),1,49.6x22.0x4.0,4.05,4.02,4.0,models/shared/stl/coupon-tile-socket-35.stl
facet,True,facet.glyph-fire,glyph,fire,PLA,Bambu PLA Basic Red,16,12.6x21.3x4.5,0.688,0.68,10.9,models/facet/stl/glyph-fire.stl
facet,True,facet.glyph-lightning,glyph,lightning,PLA,Bambu PLA Basic Yellow,16,15.9x24.7x4.5,0.614,0.61,9.7,models/facet/stl/glyph-lightning.stl
facet,True,facet.glyph-water,glyph,water,PLA,Bambu PLA Basic Cobalt Blue,16,15.2x25.0x4.5,1.031,1.02,16.4,models/facet/stl/glyph-water.stl
facet,True,facet.glyph-shadow,glyph,shadow,PLA,Bambu PLA Basic Purple,16,17.9x24.0x4.5,0.715,0.71,11.4,models/facet/stl/glyph-shadow.stl
facet,True,facet.glyph-plant,glyph,plant,PLA,Bambu PLA Basic Bambu Green,16,17.3x23.4x4.5,1.09,1.08,17.3,models/facet/stl/glyph-plant.stl
facet,True,facet.glyph-metal,glyph,metal,PLA,Bambu PLA Metal Copper Brown Metallic,16,21.8x21.0x4.5,1.056,1.05,16.8,models/facet/stl/glyph-metal.stl
facet,True,facet.base,base,ivory,PLA,Bambu PLA Matte Ivory White,48,25.0x25.0x7.5,3.324,3.3,158.3,models/facet/stl/base.stl
facet,True,facet.base,base,charcoal,PLA,Bambu PLA Matte Charcoal,48,25.0x25.0x7.5,3.324,3.3,158.3,models/facet/stl/base.stl
facet,True,facet.t2,pedestal-t2,ivory,PLA,Bambu PLA Matte Ivory White,18,28.5x28.5x5.6,2.596,2.58,46.4,models/facet/stl/t2.stl
facet,True,facet.t2,pedestal-t2,charcoal,PLA,Bambu PLA Matte Charcoal,18,28.5x28.5x5.6,2.596,2.58,46.4,models/facet/stl/t2.stl
facet,True,facet.t3,pedestal-t3,ivory,PLA,Bambu PLA Matte Ivory White,6,32.0x32.0x5.6,3.599,3.57,21.4,models/facet/stl/t3.stl
facet,True,facet.t3,pedestal-t3,charcoal,PLA,Bambu PLA Matte Charcoal,6,32.0x32.0x5.6,3.599,3.57,21.4,models/facet/stl/t3.stl
facet,True,facet.tile-interior,tile,gray,PLA,Bambu PLA Matte Ash Gray (alt. Nardo Gray),64,58.9x58.9x5.6,9.756,9.68,619.4,models/facet/stl/tile-interior.stl
facet,True,facet.tile-edge-s,tile,gray,PLA,Bambu PLA Matte Ash Gray (alt. Nardo Gray),8,58.9x58.9x5.6,10.05,9.97,79.8,models/facet/stl/tile-edge-s.stl
facet,True,facet.tile-edge-n,tile,gray,PLA,Bambu PLA Matte Ash Gray (alt. Nardo Gray),8,58.9x49.6x5.6,9.49,9.41,75.3,models/facet/stl/tile-edge-n.stl
facet,True,facet.tile-edge-w,tile,gray,PLA,Bambu PLA Matte Ash Gray (alt. Nardo Gray),8,58.9x58.9x5.6,10.05,9.97,79.8,models/facet/stl/tile-edge-w.stl
facet,True,facet.tile-edge-e,tile,gray,PLA,Bambu PLA Matte Ash Gray (alt. Nardo Gray),8,49.6x58.9x5.6,9.49,9.41,75.3,models/facet/stl/tile-edge-e.stl
facet,True,facet.tile-corner-sw,tile,ivory,PLA,Bambu PLA Matte Ivory White,1,58.9x58.9x5.6,10.344,10.26,10.3,models/facet/stl/tile-corner-sw.stl
facet,True,facet.tile-corner-se,tile,gray,PLA,Bambu PLA Matte Ash Gray (alt. Nardo Gray),1,49.6x58.9x5.6,9.784,9.71,9.7,models/facet/stl/tile-corner-se.stl
facet,True,facet.tile-corner-nw,tile,gray,PLA,Bambu PLA Matte Ash Gray (alt. Nardo Gray),1,58.9x49.6x5.6,9.784,9.71,9.7,models/facet/stl/tile-corner-nw.stl
facet,True,facet.tile-corner-ne,tile,charcoal,PLA,Bambu PLA Matte Charcoal,1,49.6x49.6x5.6,9.224,9.15,9.2,models/facet/stl/tile-corner-ne.stl
pebble,True,pebble.glyph-fire,glyph,fire,PLA,Bambu PLA Basic Red,16,12.6x21.3x4.5,0.688,0.68,10.9,models/pebble/stl/glyph-fire.stl
pebble,True,pebble.glyph-lightning,glyph,lightning,PLA,Bambu PLA Basic Yellow,16,15.9x24.7x4.5,0.615,0.61,9.8,models/pebble/stl/glyph-lightning.stl
pebble,True,pebble.glyph-water,glyph,water,PLA,Bambu PLA Basic Cobalt Blue,16,15.2x25.0x4.5,1.031,1.02,16.4,models/pebble/stl/glyph-water.stl
pebble,True,pebble.glyph-shadow,glyph,shadow,PLA,Bambu PLA Basic Purple,16,17.9x24.0x4.5,0.716,0.71,11.4,models/pebble/stl/glyph-shadow.stl
pebble,True,pebble.glyph-plant,glyph,plant,PLA,Bambu PLA Basic Bambu Green,16,17.3x23.4x4.5,1.091,1.08,17.3,models/pebble/stl/glyph-plant.stl
pebble,True,pebble.glyph-metal,glyph,metal,PLA,Bambu PLA Metal Copper Brown Metallic,16,21.8x21.0x4.5,1.057,1.05,16.8,models/pebble/stl/glyph-metal.stl
pebble,True,pebble.base,base,ivory,PLA,Bambu PLA Matte Ivory White,48,25.0x25.0x7.5,3.317,3.29,158.0,models/pebble/stl/base.stl
pebble,True,pebble.base,base,charcoal,PLA,Bambu PLA Matte Charcoal,48,25.0x25.0x7.5,3.317,3.29,158.0,models/pebble/stl/base.stl
pebble,True,pebble.t2,pedestal-t2,ivory,PLA,Bambu PLA Matte Ivory White,18,28.5x28.5x5.6,2.588,2.57,46.2,models/pebble/stl/t2.stl
pebble,True,pebble.t2,pedestal-t2,charcoal,PLA,Bambu PLA Matte Charcoal,18,28.5x28.5x5.6,2.588,2.57,46.2,models/pebble/stl/t2.stl
pebble,True,pebble.t3,pedestal-t3,ivory,PLA,Bambu PLA Matte Ivory White,6,32.0x32.0x5.6,3.59,3.56,21.4,models/pebble/stl/t3.stl
pebble,True,pebble.t3,pedestal-t3,charcoal,PLA,Bambu PLA Matte Charcoal,6,32.0x32.0x5.6,3.59,3.56,21.4,models/pebble/stl/t3.stl
pebble,True,pebble.tile-interior,tile,gray,PLA,Bambu PLA Matte Ash Gray (alt. Nardo Gray),64,58.9x58.9x5.6,9.785,9.71,621.2,models/pebble/stl/tile-interior.stl
pebble,True,pebble.tile-edge-s,tile,gray,PLA,Bambu PLA Matte Ash Gray (alt. Nardo Gray),8,58.9x58.9x5.6,10.075,9.99,80.0,models/pebble/stl/tile-edge-s.stl
pebble,True,pebble.tile-edge-n,tile,gray,PLA,Bambu PLA Matte Ash Gray (alt. Nardo Gray),8,58.9x49.6x5.6,9.515,9.44,75.5,models/pebble/stl/tile-edge-n.stl
pebble,True,pebble.tile-edge-w,tile,gray,PLA,Bambu PLA Matte Ash Gray (alt. Nardo Gray),8,58.9x58.9x5.6,10.075,9.99,80.0,models/pebble/stl/tile-edge-w.stl
pebble,True,pebble.tile-edge-e,tile,gray,PLA,Bambu PLA Matte Ash Gray (alt. Nardo Gray),8,49.6x58.9x5.6,9.515,9.44,75.5,models/pebble/stl/tile-edge-e.stl
pebble,True,pebble.tile-corner-sw,tile,ivory,PLA,Bambu PLA Matte Ivory White,1,58.9x58.9x5.6,10.366,10.28,10.3,models/pebble/stl/tile-corner-sw.stl
pebble,True,pebble.tile-corner-se,tile,gray,PLA,Bambu PLA Matte Ash Gray (alt. Nardo Gray),1,49.6x58.9x5.6,9.806,9.73,9.7,models/pebble/stl/tile-corner-se.stl
pebble,True,pebble.tile-corner-nw,tile,gray,PLA,Bambu PLA Matte Ash Gray (alt. Nardo Gray),1,58.9x49.6x5.6,9.806,9.73,9.7,models/pebble/stl/tile-corner-nw.stl
pebble,True,pebble.tile-corner-ne,tile,charcoal,PLA,Bambu PLA Matte Charcoal,1,49.6x49.6x5.6,9.245,9.17,9.2,models/pebble/stl/tile-corner-ne.stl
turned,True,turned.glyph-fire,glyph,fire,PLA,Bambu PLA Basic Red,16,12.6x21.3x4.5,0.668,0.66,10.6,models/turned/stl/glyph-fire.stl
turned,True,turned.glyph-lightning,glyph,lightning,PLA,Bambu PLA Basic Yellow,16,15.9x24.7x4.5,0.59,0.59,9.4,models/turned/stl/glyph-lightning.stl
turned,True,turned.glyph-water,glyph,water,PLA,Bambu PLA Basic Cobalt Blue,16,15.2x25.0x4.5,1.01,1.0,16.0,models/turned/stl/glyph-water.stl
turned,True,turned.glyph-shadow,glyph,shadow,PLA,Bambu PLA Basic Purple,16,17.9x24.0x4.5,0.69,0.68,10.9,models/turned/stl/glyph-shadow.stl
turned,True,turned.glyph-plant,glyph,plant,PLA,Bambu PLA Basic Bambu Green,16,17.3x23.4x4.5,1.054,1.05,16.7,models/turned/stl/glyph-plant.stl
turned,True,turned.glyph-metal,glyph,metal,PLA,Bambu PLA Metal Copper Brown Metallic,16,21.8x21.0x4.5,1.023,1.01,16.2,models/turned/stl/glyph-metal.stl
turned,True,turned.base,base,ivory,PLA,Bambu PLA Matte Ivory White,48,25.0x25.0x7.5,3.028,3.0,144.2,models/turned/stl/base.stl
turned,True,turned.base,base,charcoal,PLA,Bambu PLA Matte Charcoal,48,25.0x25.0x7.5,3.028,3.0,144.2,models/turned/stl/base.stl
turned,True,turned.t2,pedestal-t2,ivory,PLA,Bambu PLA Matte Ivory White,18,28.5x28.5x5.6,2.586,2.57,46.2,models/turned/stl/t2.stl
turned,True,turned.t2,pedestal-t2,charcoal,PLA,Bambu PLA Matte Charcoal,18,28.5x28.5x5.6,2.586,2.57,46.2,models/turned/stl/t2.stl
turned,True,turned.t3,pedestal-t3,ivory,PLA,Bambu PLA Matte Ivory White,6,32.0x32.0x5.6,3.592,3.56,21.4,models/turned/stl/t3.stl
turned,True,turned.t3,pedestal-t3,charcoal,PLA,Bambu PLA Matte Charcoal,6,32.0x32.0x5.6,3.592,3.56,21.4,models/turned/stl/t3.stl
turned,True,turned.tile-interior,tile,gray,PLA,Bambu PLA Matte Ash Gray (alt. Nardo Gray),64,58.9x58.9x5.6,9.718,9.64,617.0,models/turned/stl/tile-interior.stl
turned,True,turned.tile-edge-s,tile,gray,PLA,Bambu PLA Matte Ash Gray (alt. Nardo Gray),8,58.9x58.9x5.6,10.003,9.92,79.4,models/turned/stl/tile-edge-s.stl
turned,True,turned.tile-edge-n,tile,gray,PLA,Bambu PLA Matte Ash Gray (alt. Nardo Gray),8,58.9x49.6x5.6,9.449,9.37,75.0,models/turned/stl/tile-edge-n.stl
turned,True,turned.tile-edge-w,tile,gray,PLA,Bambu PLA Matte Ash Gray (alt. Nardo Gray),8,58.9x58.9x5.6,10.003,9.92,79.4,models/turned/stl/tile-edge-w.stl
turned,True,turned.tile-edge-e,tile,gray,PLA,Bambu PLA Matte Ash Gray (alt. Nardo Gray),8,49.6x58.9x5.6,9.449,9.37,75.0,models/turned/stl/tile-edge-e.stl
turned,True,turned.tile-corner-sw,tile,ivory,PLA,Bambu PLA Matte Ivory White,1,58.9x58.9x5.6,10.288,10.21,10.2,models/turned/stl/tile-corner-sw.stl
turned,True,turned.tile-corner-se,tile,gray,PLA,Bambu PLA Matte Ash Gray (alt. Nardo Gray),1,49.6x58.9x5.6,9.733,9.66,9.7,models/turned/stl/tile-corner-se.stl
turned,True,turned.tile-corner-nw,tile,gray,PLA,Bambu PLA Matte Ash Gray (alt. Nardo Gray),1,58.9x49.6x5.6,9.733,9.66,9.7,models/turned/stl/tile-corner-nw.stl
turned,True,turned.tile-corner-ne,tile,charcoal,PLA,Bambu PLA Matte Charcoal,1,49.6x49.6x5.6,9.179,9.11,9.1,models/turned/stl/tile-corner-ne.stl
