botA,botB,variant,games,aWins,bWins,draws,aWinRate,aWinLo,aWinHi,aWinsAsWhite,gamesAasWhite,aWinsAsBlack,gamesAasBlack,meanTurns,aScore,inactivityDrawRate,purchasesPerGame,aPurchasesPerGame,bPurchasesPerGame,meanCompletedTurns,adjudicationRate,invariantViolations,illegalActionsTotal,meanDurationMs
AntiRush,Balanced,muju-phasing-1 h0,4,0,0,4,0.0000,0.0000,0.4899,0,2,0,2,5.0,0.5000,1.0000,6.000,4.500,1.500,10.00,0.000,0,0,3
AntiRush,Balanced,muju-phasing-1 h3,4,0,0,4,0.0000,0.0000,0.4899,0,2,0,2,7.5,0.5000,1.0000,11.250,8.500,2.750,14.50,0.000,0,0,6
AntiRush,Expand,muju-phasing-1 h0,4,0,0,4,0.0000,0.0000,0.4899,0,2,0,2,5.0,0.5000,1.0000,7.000,5.000,2.000,10.00,0.000,0,0,3
AntiRush,Expand,muju-phasing-1 h3,4,0,0,4,0.0000,0.0000,0.4899,0,2,0,2,5.0,0.5000,1.0000,8.500,6.500,2.000,10.00,0.000,0,0,3
AntiRush,Greedy,muju-phasing-1 h0,4,0,0,4,0.0000,0.0000,0.4899,0,2,0,2,11.8,0.5000,1.0000,17.500,11.250,6.250,23.00,0.000,0,0,13
AntiRush,Greedy,muju-phasing-1 h3,4,0,1,3,0.0000,0.0000,0.4899,0,2,0,2,9.3,0.3750,0.7500,12.250,7.750,4.500,17.75,0.000,0,0,11
AntiRush,MiningDenial,muju-phasing-1 h0,4,0,1,3,0.0000,0.0000,0.4899,0,2,0,2,15.3,0.3750,0.7500,54.750,7.000,47.750,29.75,0.000,0,0,34
AntiRush,MiningDenial,muju-phasing-1 h3,4,0,1,3,0.0000,0.0000,0.4899,0,2,0,2,18.5,0.3750,0.7500,80.000,12.000,68.000,36.25,0.000,0,0,54
AntiRush,Mono-fire,muju-phasing-1 h0,4,0,4,0,0.0000,0.0000,0.4899,0,2,0,2,19.5,0.0000,0.0000,24.000,9.500,14.500,37.25,0.000,0,0,16
AntiRush,Mono-fire,muju-phasing-1 h3,4,1,1,2,0.2500,0.0456,0.6994,0,2,1,2,20.0,0.5000,0.5000,21.000,9.000,12.000,38.75,0.000,0,0,14
AntiRush,Mono-lightning,muju-phasing-1 h0,4,1,1,2,0.2500,0.0456,0.6994,1,2,0,2,28.3,0.5000,0.5000,33.750,12.250,21.500,55.75,0.000,0,0,18
AntiRush,Mono-lightning,muju-phasing-1 h3,4,0,2,2,0.0000,0.0000,0.4899,0,2,0,2,26.3,0.2500,0.5000,30.750,9.750,21.000,51.75,0.000,0,0,17
AntiRush,Mono-metal,muju-phasing-1 h0,4,0,0,4,0.0000,0.0000,0.4899,0,2,0,2,9.5,0.5000,1.0000,12.000,6.250,5.750,18.75,0.000,0,0,8
AntiRush,Mono-metal,muju-phasing-1 h3,4,0,0,4,0.0000,0.0000,0.4899,0,2,0,2,9.8,0.5000,1.0000,13.000,7.000,6.000,19.50,0.000,0,0,9
AntiRush,Mono-plant,muju-phasing-1 h0,4,0,0,4,0.0000,0.0000,0.4899,0,2,0,2,10.8,0.5000,1.0000,21.250,16.250,5.000,21.25,0.000,0,0,9
AntiRush,Mono-plant,muju-phasing-1 h3,4,0,0,4,0.0000,0.0000,0.4899,0,2,0,2,9.8,0.5000,1.0000,20.000,15.000,5.000,19.00,0.000,0,0,10
AntiRush,Mono-shadow,muju-phasing-1 h0,4,1,0,3,0.2500,0.0456,0.6994,1,2,0,2,27.0,0.6250,0.7500,34.500,19.500,15.000,53.25,0.000,0,0,22
AntiRush,Mono-shadow,muju-phasing-1 h3,4,2,0,2,0.5000,0.1500,0.8500,1,2,1,2,18.5,0.7500,0.5000,26.500,17.750,8.750,36.00,0.000,0,0,17
AntiRush,Mono-water,muju-phasing-1 h0,4,0,0,4,0.0000,0.0000,0.4899,0,2,0,2,11.8,0.5000,1.0000,8.750,4.500,4.250,23.25,0.000,0,0,9
AntiRush,Mono-water,muju-phasing-1 h3,4,0,0,4,0.0000,0.0000,0.4899,0,2,0,2,9.8,0.5000,1.0000,13.750,10.000,3.750,19.25,0.000,0,0,9
AntiRush,Random,muju-phasing-1 h0,4,0,0,4,0.0000,0.0000,0.4899,0,2,0,2,8.8,0.5000,1.0000,16.750,6.500,10.250,17.25,0.000,0,0,11
AntiRush,Random,muju-phasing-1 h3,4,0,0,4,0.0000,0.0000,0.4899,0,2,0,2,7.5,0.5000,1.0000,12.500,5.250,7.250,15.00,0.000,0,0,9
AntiRush,Rush,muju-phasing-1 h0,4,0,3,1,0.0000,0.0000,0.4899,0,2,0,2,17.8,0.1250,0.2500,96.500,5.500,91.000,34.00,0.000,0,0,99
AntiRush,Rush,muju-phasing-1 h3,4,0,3,1,0.0000,0.0000,0.4899,0,2,0,2,22.5,0.1250,0.2500,113.250,6.250,107.000,44.00,0.000,0,0,88
AntiRush,Tier1Spam,muju-phasing-1 h0,4,0,0,4,0.0000,0.0000,0.4899,0,2,0,2,16.8,0.5000,1.0000,67.500,11.250,56.250,33.25,0.000,0,0,52
AntiRush,Tier1Spam,muju-phasing-1 h3,4,0,2,2,0.0000,0.0000,0.4899,0,2,0,2,18.3,0.2500,0.5000,76.500,8.750,67.750,35.75,0.000,0,0,64
AntiRush,Turtle,muju-phasing-1 h0,4,0,0,4,0.0000,0.0000,0.4899,0,2,0,2,5.0,0.5000,1.0000,5.750,4.750,1.000,10.00,0.000,0,0,3
AntiRush,Turtle,muju-phasing-1 h3,4,0,0,4,0.0000,0.0000,0.4899,0,2,0,2,5.0,0.5000,1.0000,7.000,5.500,1.500,10.00,0.000,0,0,3
Balanced,Expand,muju-phasing-1 h0,4,0,0,4,0.0000,0.0000,0.4899,0,2,0,2,5.0,0.5000,1.0000,3.250,1.250,2.000,10.00,0.000,0,0,1
Balanced,Expand,muju-phasing-1 h3,4,0,0,4,0.0000,0.0000,0.4899,0,2,0,2,5.0,0.5000,1.0000,3.250,1.250,2.000,10.00,0.000,0,0,1
Balanced,Greedy,muju-phasing-1 h0,4,0,0,4,0.0000,0.0000,0.4899,0,2,0,2,11.0,0.5000,1.0000,8.000,3.500,4.500,21.25,0.000,0,0,14
Balanced,Greedy,muju-phasing-1 h3,4,0,1,3,0.0000,0.0000,0.4899,0,2,0,2,9.8,0.3750,0.7500,5.750,2.250,3.500,19.00,0.000,0,0,14
Balanced,MiningDenial,muju-phasing-1 h0,4,0,3,1,0.0000,0.0000,0.4899,0,2,0,2,19.3,0.1250,0.2500,66.000,4.500,61.500,37.00,0.000,0,0,64
Balanced,MiningDenial,muju-phasing-1 h3,4,0,3,1,0.0000,0.0000,0.4899,0,2,0,2,15.3,0.1250,0.2500,50.750,4.500,46.250,29.25,0.000,0,0,46
Balanced,Mono-fire,muju-phasing-1 h0,4,1,2,1,0.2500,0.0456,0.6994,1,2,0,2,7.8,0.3750,0.2500,9.250,3.250,6.000,14.00,0.000,0,0,6
Balanced,Mono-fire,muju-phasing-1 h3,4,0,4,0,0.0000,0.0000,0.4899,0,2,0,2,11.8,0.0000,0.0000,8.750,2.250,6.500,21.50,0.000,0,0,8
Balanced,Mono-lightning,muju-phasing-1 h0,4,2,2,0,0.5000,0.1500,0.8500,1,2,1,2,34.5,0.5000,0.0000,28.750,5.500,23.250,67.50,0.000,0,0,16
Balanced,Mono-lightning,muju-phasing-1 h3,4,0,2,2,0.0000,0.0000,0.4899,0,2,0,2,12.8,0.2500,0.5000,16.000,4.500,11.500,24.75,0.000,0,0,12
Balanced,Mono-metal,muju-phasing-1 h0,4,0,0,4,0.0000,0.0000,0.4899,0,2,0,2,12.5,0.5000,1.0000,11.500,3.250,8.250,24.50,0.000,0,0,11
Balanced,Mono-metal,muju-phasing-1 h3,4,0,0,4,0.0000,0.0000,0.4899,0,2,0,2,11.8,0.5000,1.0000,10.000,3.500,6.500,23.00,0.000,0,0,11
Balanced,Mono-plant,muju-phasing-1 h0,4,0,1,3,0.0000,0.0000,0.4899,0,2,0,2,8.3,0.3750,0.7500,8.000,2.750,5.250,16.00,0.000,0,0,6
Balanced,Mono-plant,muju-phasing-1 h3,4,0,1,3,0.0000,0.0000,0.4899,0,2,0,2,13.8,0.3750,0.7500,10.000,3.250,6.750,27.25,0.000,0,0,9
Balanced,Mono-shadow,muju-phasing-1 h0,4,1,0,3,0.2500,0.0456,0.6994,0,2,1,2,22.3,0.6250,0.7500,17.000,6.250,10.750,43.50,0.000,0,0,13
Balanced,Mono-shadow,muju-phasing-1 h3,4,1,2,1,0.2500,0.0456,0.6994,1,2,0,2,14.8,0.3750,0.2500,12.750,3.500,9.250,28.00,0.000,0,0,10
Balanced,Mono-water,muju-phasing-1 h0,4,0,0,4,0.0000,0.0000,0.4899,0,2,0,2,9.0,0.5000,1.0000,6.250,2.750,3.500,17.50,0.000,0,0,5
Balanced,Mono-water,muju-phasing-1 h3,4,0,1,3,0.0000,0.0000,0.4899,0,2,0,2,11.3,0.3750,0.7500,6.750,3.250,3.500,22.25,0.000,0,0,7
Balanced,Random,muju-phasing-1 h0,4,0,0,4,0.0000,0.0000,0.4899,0,2,0,2,5.0,0.5000,1.0000,8.250,1.500,6.750,10.00,0.000,0,0,3
Balanced,Random,muju-phasing-1 h3,4,0,0,4,0.0000,0.0000,0.4899,0,2,0,2,5.0,0.5000,1.0000,8.250,1.000,7.250,10.00,0.000,0,0,4
Balanced,Rush,muju-phasing-1 h0,4,0,4,0,0.0000,0.0000,0.4899,0,2,0,2,15.5,0.0000,0.0000,100.750,4.250,96.500,29.50,0.000,0,0,227
Balanced,Rush,muju-phasing-1 h3,4,0,4,0,0.0000,0.0000,0.4899,0,2,0,2,15.8,0.0000,0.0000,92.500,3.250,89.250,30.25,0.000,0,0,146
Balanced,Tier1Spam,muju-phasing-1 h0,4,0,2,2,0.0000,0.0000,0.4899,0,2,0,2,9.8,0.2500,0.5000,44.000,2.250,41.750,18.75,0.000,0,0,30
Balanced,Tier1Spam,muju-phasing-1 h3,4,0,1,3,0.0000,0.0000,0.4899,0,2,0,2,11.8,0.3750,0.7500,51.250,2.750,48.500,23.00,0.000,0,0,27
Balanced,Turtle,muju-phasing-1 h0,4,0,0,4,0.0000,0.0000,0.4899,0,2,0,2,5.0,0.5000,1.0000,3.000,1.500,1.500,10.00,0.000,0,0,1
Balanced,Turtle,muju-phasing-1 h3,4,0,0,4,0.0000,0.0000,0.4899,0,2,0,2,5.0,0.5000,1.0000,2.750,1.250,1.500,10.00,0.000,0,0,1
Expand,Greedy,muju-phasing-1 h0,4,0,2,2,0.0000,0.0000,0.4899,0,2,0,2,8.0,0.2500,0.5000,4.750,2.000,2.750,15.00,0.000,0,0,15
Expand,Greedy,muju-phasing-1 h3,4,0,1,3,0.0000,0.0000,0.4899,0,2,0,2,9.5,0.3750,0.7500,6.500,2.000,4.500,18.50,0.000,0,0,10
Expand,MiningDenial,muju-phasing-1 h0,4,0,1,3,0.0000,0.0000,0.4899,0,2,0,2,13.5,0.3750,0.7500,46.750,2.500,44.250,26.00,0.000,0,0,37
Expand,MiningDenial,muju-phasing-1 h3,4,0,2,2,0.0000,0.0000,0.4899,0,2,0,2,22.8,0.2500,0.5000,79.250,5.750,73.500,44.25,0.000,0,0,110
Expand,Mono-fire,muju-phasing-1 h0,4,0,3,1,0.0000,0.0000,0.4899,0,2,0,2,8.0,0.1250,0.2500,6.500,2.250,4.250,15.00,0.000,0,0,12
Expand,Mono-fire,muju-phasing-1 h3,4,0,4,0,0.0000,0.0000,0.4899,0,2,0,2,7.0,0.0000,0.0000,5.500,2.250,3.250,12.50,0.000,0,0,6
Expand,Mono-lightning,muju-phasing-1 h0,4,0,4,0,0.0000,0.0000,0.4899,0,2,0,2,55.5,0.0000,0.0000,40.750,5.000,35.750,109.50,0.000,0,0,37
Expand,Mono-lightning,muju-phasing-1 h3,4,0,2,2,0.0000,0.0000,0.4899,0,2,0,2,51.5,0.2500,0.5000,41.250,6.000,35.250,102.00,0.000,0,0,29
Expand,Mono-metal,muju-phasing-1 h0,4,0,0,4,0.0000,0.0000,0.4899,0,2,0,2,9.5,0.5000,1.0000,8.500,2.750,5.750,18.25,0.000,0,0,9
Expand,Mono-metal,muju-phasing-1 h3,4,0,0,4,0.0000,0.0000,0.4899,0,2,0,2,6.8,0.5000,1.0000,8.000,2.500,5.500,13.25,0.000,0,0,6
Expand,Mono-plant,muju-phasing-1 h0,4,0,0,4,0.0000,0.0000,0.4899,0,2,0,2,7.5,0.5000,1.0000,8.000,3.000,5.000,14.50,0.000,0,0,4
Expand,Mono-plant,muju-phasing-1 h3,4,0,0,4,0.0000,0.0000,0.4899,0,2,0,2,7.0,0.5000,1.0000,7.250,2.500,4.750,13.50,0.000,0,0,5
Expand,Mono-shadow,muju-phasing-1 h0,4,0,1,3,0.0000,0.0000,0.4899,0,2,0,2,23.3,0.3750,0.7500,15.500,5.000,10.500,45.75,0.000,0,0,15
Expand,Mono-shadow,muju-phasing-1 h3,4,0,1,3,0.0000,0.0000,0.4899,0,2,0,2,24.3,0.3750,0.7500,17.000,5.500,11.500,48.00,0.000,0,0,16
Expand,Mono-water,muju-phasing-1 h0,4,0,1,3,0.0000,0.0000,0.4899,0,2,0,2,9.0,0.3750,0.7500,6.500,2.750,3.750,17.50,0.000,0,0,7
Expand,Mono-water,muju-phasing-1 h3,4,0,0,4,0.0000,0.0000,0.4899,0,2,0,2,9.5,0.5000,1.0000,6.000,2.250,3.750,18.75,0.000,0,0,8
Expand,Random,muju-phasing-1 h0,4,0,0,4,0.0000,0.0000,0.4899,0,2,0,2,5.0,0.5000,1.0000,10.000,2.000,8.000,10.00,0.000,0,0,3
Expand,Random,muju-phasing-1 h3,4,0,0,4,0.0000,0.0000,0.4899,0,2,0,2,6.3,0.5000,1.0000,9.250,2.500,6.750,12.25,0.000,0,0,4
Expand,Rush,muju-phasing-1 h0,4,0,3,1,0.0000,0.0000,0.4899,0,2,0,2,13.5,0.1250,0.2500,82.000,2.750,79.250,25.75,0.000,0,0,158
Expand,Rush,muju-phasing-1 h3,4,0,4,0,0.0000,0.0000,0.4899,0,2,0,2,16.8,0.0000,0.0000,102.500,3.500,99.000,32.00,0.000,0,0,196
Expand,Tier1Spam,muju-phasing-1 h0,4,0,2,2,0.0000,0.0000,0.4899,0,2,0,2,13.8,0.2500,0.5000,72.500,2.750,69.750,26.25,0.000,0,0,93
Expand,Tier1Spam,muju-phasing-1 h3,4,0,2,2,0.0000,0.0000,0.4899,0,2,0,2,26.5,0.2500,0.5000,75.500,3.750,71.750,51.50,0.000,0,0,90
Expand,Turtle,muju-phasing-1 h0,4,0,0,4,0.0000,0.0000,0.4899,0,2,0,2,5.0,0.5000,1.0000,3.250,2.000,1.250,10.00,0.000,0,0,1
Expand,Turtle,muju-phasing-1 h3,4,0,0,4,0.0000,0.0000,0.4899,0,2,0,2,5.0,0.5000,1.0000,3.750,2.250,1.500,10.00,0.000,0,0,1
Greedy,MiningDenial,muju-phasing-1 h0,4,1,2,1,0.2500,0.0456,0.6994,1,2,0,2,12.3,0.3750,0.2500,35.000,3.500,31.500,23.25,0.000,0,0,35
Greedy,MiningDenial,muju-phasing-1 h3,4,0,2,2,0.0000,0.0000,0.4899,0,2,0,2,18.8,0.2500,0.5000,75.250,6.250,69.000,36.50,0.000,0,0,65
Greedy,Mono-fire,muju-phasing-1 h0,4,1,2,1,0.2500,0.0456,0.6994,0,2,1,2,16.0,0.3750,0.2500,16.000,6.250,9.750,30.75,0.000,0,0,16
Greedy,Mono-fire,muju-phasing-1 h3,4,3,0,1,0.7500,0.3006,0.9544,1,2,2,2,13.3,0.8750,0.2500,14.750,5.750,9.000,25.25,0.000,0,0,14
Greedy,Mono-lightning,muju-phasing-1 h0,4,3,1,0,0.7500,0.3006,0.9544,1,2,2,2,14.8,0.7500,0.0000,17.250,6.250,11.000,28.25,0.000,0,0,17
Greedy,Mono-lightning,muju-phasing-1 h3,4,3,0,1,0.7500,0.3006,0.9544,1,2,2,2,13.3,0.8750,0.2500,16.500,4.750,11.750,25.25,0.000,0,0,12
Greedy,Mono-metal,muju-phasing-1 h0,4,1,1,2,0.2500,0.0456,0.6994,1,2,0,2,13.0,0.5000,0.5000,11.500,4.750,6.750,25.00,0.000,0,0,14
Greedy,Mono-metal,muju-phasing-1 h3,4,1,1,2,0.2500,0.0456,0.6994,0,2,1,2,13.5,0.5000,0.5000,13.500,6.500,7.000,26.25,0.000,0,0,16
Greedy,Mono-plant,muju-phasing-1 h0,4,2,0,2,0.5000,0.1500,0.8500,2,2,0,2,16.3,0.7500,0.5000,13.000,6.750,6.250,31.50,0.000,0,0,16
Greedy,Mono-plant,muju-phasing-1 h3,4,1,0,3,0.2500,0.0456,0.6994,0,2,1,2,14.5,0.6250,0.7500,10.250,5.000,5.250,28.25,0.000,0,0,16
Greedy,Mono-shadow,muju-phasing-1 h0,4,0,0,4,0.0000,0.0000,0.4899,0,2,0,2,22.5,0.5000,1.0000,19.250,10.500,8.750,44.50,0.000,0,0,19
Greedy,Mono-shadow,muju-phasing-1 h3,4,3,1,0,0.7500,0.3006,0.9544,1,2,2,2,12.3,0.7500,0.0000,12.500,4.750,7.750,23.25,0.000,0,0,13
Greedy,Mono-water,muju-phasing-1 h0,4,0,0,4,0.0000,0.0000,0.4899,0,2,0,2,13.5,0.5000,1.0000,9.500,4.750,4.750,27.00,0.000,0,0,13
Greedy,Mono-water,muju-phasing-1 h3,4,0,0,4,0.0000,0.0000,0.4899,0,2,0,2,17.3,0.5000,1.0000,14.500,8.750,5.750,34.00,0.000,0,0,21
Greedy,Random,muju-phasing-1 h0,4,4,0,0,1.0000,0.5101,1.0000,2,2,2,2,8.8,1.0000,0.0000,8.500,1.750,6.750,16.00,0.000,0,0,16
Greedy,Random,muju-phasing-1 h3,4,2,0,2,0.5000,0.1500,0.8500,1,2,1,2,12.3,0.7500,0.5000,10.750,6.250,4.500,23.75,0.000,0,0,15
Greedy,Rush,muju-phasing-1 h0,4,0,3,1,0.0000,0.0000,0.4899,0,2,0,2,21.8,0.1250,0.2500,98.500,8.750,89.750,42.50,0.000,0,0,253
Greedy,Rush,muju-phasing-1 h3,4,0,4,0,0.0000,0.0000,0.4899,0,2,0,2,23.5,0.0000,0.0000,108.000,8.500,99.500,45.75,0.000,0,0,209
Greedy,Tier1Spam,muju-phasing-1 h0,4,0,3,1,0.0000,0.0000,0.4899,0,2,0,2,29.5,0.1250,0.2500,100.250,10.250,90.000,57.75,0.000,0,0,134
Greedy,Tier1Spam,muju-phasing-1 h3,4,0,4,0,0.0000,0.0000,0.4899,0,2,0,2,27.5,0.0000,0.0000,97.250,10.500,86.750,53.50,0.000,0,0,92
Greedy,Turtle,muju-phasing-1 h0,4,1,0,3,0.2500,0.0456,0.6994,1,2,0,2,8.8,0.6250,0.7500,5.500,3.250,2.250,17.00,0.000,0,0,12
Greedy,Turtle,muju-phasing-1 h3,4,2,0,2,0.5000,0.1500,0.8500,2,2,0,2,9.5,0.7500,0.5000,7.000,4.250,2.750,18.25,0.000,0,0,13
MiningDenial,Mono-fire,muju-phasing-1 h0,4,3,1,0,0.7500,0.3006,0.9544,1,2,2,2,11.0,0.7500,0.0000,25.750,19.750,6.000,20.75,0.000,0,0,11
MiningDenial,Mono-fire,muju-phasing-1 h3,4,3,1,0,0.7500,0.3006,0.9544,2,2,1,2,10.3,0.7500,0.0000,25.500,20.250,5.250,18.75,0.000,0,0,9
MiningDenial,Mono-lightning,muju-phasing-1 h0,4,2,2,0,0.5000,0.1500,0.8500,1,2,1,2,9.0,0.5000,0.0000,27.750,21.750,6.000,16.50,0.000,0,0,10
MiningDenial,Mono-lightning,muju-phasing-1 h3,4,3,1,0,0.7500,0.3006,0.9544,2,2,1,2,10.5,0.7500,0.0000,29.750,22.500,7.250,19.25,0.000,0,0,12
MiningDenial,Mono-metal,muju-phasing-1 h0,4,4,0,0,1.0000,0.5101,1.0000,2,2,2,2,20.0,1.0000,0.0000,69.750,61.250,8.500,38.50,0.000,0,0,51
MiningDenial,Mono-metal,muju-phasing-1 h3,4,4,0,0,1.0000,0.5101,1.0000,2,2,2,2,16.8,1.0000,0.0000,59.000,51.500,7.500,32.00,0.000,0,0,40
MiningDenial,Mono-plant,muju-phasing-1 h0,4,3,0,1,0.7500,0.3006,0.9544,1,2,2,2,16.8,0.8750,0.2500,59.500,51.500,8.000,32.50,0.000,0,0,37
MiningDenial,Mono-plant,muju-phasing-1 h3,4,3,0,1,0.7500,0.3006,0.9544,2,2,1,2,20.3,0.8750,0.2500,67.000,56.250,10.750,39.00,0.000,0,0,50
MiningDenial,Mono-shadow,muju-phasing-1 h0,4,1,1,2,0.2500,0.0456,0.6994,0,2,1,2,11.8,0.5000,0.5000,25.250,19.750,5.500,22.75,0.000,0,0,13
MiningDenial,Mono-shadow,muju-phasing-1 h3,4,2,1,1,0.5000,0.1500,0.8500,2,2,0,2,12.3,0.6250,0.2500,22.500,18.250,4.250,22.75,0.000,0,0,10
MiningDenial,Mono-water,muju-phasing-1 h0,4,2,0,2,0.5000,0.1500,0.8500,1,2,1,2,15.0,0.7500,0.5000,42.500,39.000,3.500,29.00,0.000,0,0,17
MiningDenial,Mono-water,muju-phasing-1 h3,4,3,0,1,0.7500,0.3006,0.9544,1,2,2,2,14.5,0.8750,0.2500,50.250,46.000,4.250,28.00,0.000,0,0,31
MiningDenial,Random,muju-phasing-1 h0,4,3,0,1,0.7500,0.3006,0.9544,2,2,1,2,9.3,0.8750,0.2500,34.750,29.500,5.250,17.00,0.000,0,0,38
MiningDenial,Random,muju-phasing-1 h3,4,3,0,1,0.7500,0.3006,0.9544,2,2,1,2,11.0,0.8750,0.2500,41.250,36.750,4.500,20.50,0.000,0,0,115
MiningDenial,Rush,muju-phasing-1 h0,4,1,3,0,0.2500,0.0456,0.6994,1,2,0,2,22.3,0.2500,0.0000,160.250,39.750,120.500,42.75,0.000,0,0,197
MiningDenial,Rush,muju-phasing-1 h3,4,0,4,0,0.0000,0.0000,0.4899,0,2,0,2,16.5,0.0000,0.0000,116.000,30.000,86.000,31.50,0.000,0,0,146
MiningDenial,Tier1Spam,muju-phasing-1 h0,4,0,1,3,0.0000,0.0000,0.4899,0,2,0,2,27.5,0.3750,0.7500,146.500,60.000,86.500,54.25,0.000,0,0,136
MiningDenial,Tier1Spam,muju-phasing-1 h3,4,0,2,2,0.0000,0.0000,0.4899,0,2,0,2,39.0,0.2500,0.5000,208.750,82.500,126.250,77.00,0.000,0,0,226
MiningDenial,Turtle,muju-phasing-1 h0,4,1,0,3,0.2500,0.0456,0.6994,0,2,1,2,18.8,0.6250,0.7500,63.250,59.750,3.500,37.00,0.000,0,0,60
MiningDenial,Turtle,muju-phasing-1 h3,4,4,0,0,1.0000,0.5101,1.0000,2,2,2,2,17.8,1.0000,0.0000,63.250,56.750,6.500,34.00,0.000,0,0,52
Mono-fire,Mono-lightning,muju-phasing-1 h0,4,3,1,0,0.7500,0.3006,0.9544,2,2,1,2,9.8,0.7500,0.0000,16.500,7.250,9.250,17.75,0.000,0,0,8
Mono-fire,Mono-lightning,muju-phasing-1 h3,4,0,4,0,0.0000,0.0000,0.4899,0,2,0,2,12.3,0.0000,0.0000,20.250,10.750,9.500,23.00,0.000,0,0,9
Mono-fire,Mono-metal,muju-phasing-1 h0,4,4,0,0,1.0000,0.5101,1.0000,2,2,2,2,15.8,1.0000,0.0000,17.750,9.750,8.000,29.75,0.000,0,0,11
Mono-fire,Mono-metal,muju-phasing-1 h3,4,3,0,1,0.7500,0.3006,0.9544,2,2,1,2,10.3,0.8750,0.2500,11.000,6.000,5.000,19.00,0.000,0,0,8
Mono-fire,Mono-plant,muju-phasing-1 h0,4,3,1,0,0.7500,0.3006,0.9544,2,2,1,2,10.5,0.7500,0.0000,11.000,4.750,6.250,19.25,0.000,0,0,7
Mono-fire,Mono-plant,muju-phasing-1 h3,4,4,0,0,1.0000,0.5101,1.0000,2,2,2,2,11.0,1.0000,0.0000,11.500,7.000,4.500,20.50,0.000,0,0,9
Mono-fire,Mono-shadow,muju-phasing-1 h0,4,1,3,0,0.2500,0.0456,0.6994,1,2,0,2,9.3,0.2500,0.0000,11.000,5.500,5.500,17.00,0.000,0,0,6
Mono-fire,Mono-shadow,muju-phasing-1 h3,4,2,2,0,0.5000,0.1500,0.8500,1,2,1,2,8.3,0.5000,0.0000,11.000,6.500,4.500,15.00,0.000,0,0,5
Mono-fire,Mono-water,muju-phasing-1 h0,4,0,4,0,0.0000,0.0000,0.4899,0,2,0,2,15.8,0.0000,0.0000,13.250,8.500,4.750,30.00,0.000,0,0,9
Mono-fire,Mono-water,muju-phasing-1 h3,4,0,2,2,0.0000,0.0000,0.4899,0,2,0,2,16.5,0.2500,0.5000,17.500,12.250,5.250,32.00,0.000,0,0,11
Mono-fire,Random,muju-phasing-1 h0,4,4,0,0,1.0000,0.5101,1.0000,2,2,2,2,10.8,1.0000,0.0000,14.500,6.500,8.000,20.00,0.000,0,0,17
Mono-fire,Random,muju-phasing-1 h3,4,2,0,2,0.5000,0.1500,0.8500,1,2,1,2,8.5,0.7500,0.5000,11.250,4.750,6.500,16.00,0.000,0,0,12
Mono-fire,Rush,muju-phasing-1 h0,4,1,3,0,0.2500,0.0456,0.6994,1,2,0,2,12.8,0.2500,0.0000,66.000,7.000,59.000,24.00,0.000,0,0,66
Mono-fire,Rush,muju-phasing-1 h3,4,0,4,0,0.0000,0.0000,0.4899,0,2,0,2,14.8,0.0000,0.0000,83.250,12.000,71.250,28.25,0.000,0,0,58
Mono-fire,Tier1Spam,muju-phasing-1 h0,4,0,4,0,0.0000,0.0000,0.4899,0,2,0,2,23.8,0.0000,0.0000,85.750,14.500,71.250,46.00,0.000,0,0,48
Mono-fire,Tier1Spam,muju-phasing-1 h3,4,0,4,0,0.0000,0.0000,0.4899,0,2,0,2,21.0,0.0000,0.0000,82.750,12.000,70.750,40.50,0.000,0,0,55
Mono-fire,Turtle,muju-phasing-1 h0,4,3,0,1,0.7500,0.3006,0.9544,2,2,1,2,25.8,0.8750,0.2500,16.750,12.500,4.250,50.00,0.000,0,0,15
Mono-fire,Turtle,muju-phasing-1 h3,4,2,0,2,0.5000,0.1500,0.8500,1,2,1,2,17.3,0.7500,0.5000,12.500,9.500,3.000,33.25,0.000,0,0,11
Mono-lightning,Mono-metal,muju-phasing-1 h0,4,0,2,2,0.0000,0.0000,0.4899,0,2,0,2,18.0,0.2500,0.5000,22.750,14.000,8.750,35.00,0.000,0,0,15
Mono-lightning,Mono-metal,muju-phasing-1 h3,4,0,2,2,0.0000,0.0000,0.4899,0,2,0,2,18.3,0.2500,0.5000,27.000,17.250,9.750,35.50,0.000,0,0,15
Mono-lightning,Mono-plant,muju-phasing-1 h0,4,0,1,3,0.0000,0.0000,0.4899,0,2,0,2,20.3,0.3750,0.7500,22.750,13.250,9.500,39.75,0.000,0,0,12
Mono-lightning,Mono-plant,muju-phasing-1 h3,4,1,0,3,0.2500,0.0456,0.6994,1,2,0,2,26.0,0.6250,0.7500,29.500,21.250,8.250,51.00,0.000,0,0,14
Mono-lightning,Mono-shadow,muju-phasing-1 h0,4,0,4,0,0.0000,0.0000,0.4899,0,2,0,2,7.5,0.0000,0.0000,12.750,8.250,4.500,13.50,0.000,0,0,6
Mono-lightning,Mono-shadow,muju-phasing-1 h3,4,0,4,0,0.0000,0.0000,0.4899,0,2,0,2,8.5,0.0000,0.0000,15.500,8.750,6.750,15.50,0.000,0,0,7
Mono-lightning,Mono-water,muju-phasing-1 h0,4,0,3,1,0.0000,0.0000,0.4899,0,2,0,2,17.0,0.1250,0.2500,17.500,11.750,5.750,32.75,0.000,0,0,10
Mono-lightning,Mono-water,muju-phasing-1 h3,4,0,3,1,0.0000,0.0000,0.4899,0,2,0,2,15.5,0.1250,0.2500,18.000,12.750,5.250,29.75,0.000,0,0,10
Mono-lightning,Random,muju-phasing-1 h0,4,3,1,0,0.7500,0.3006,0.9544,1,2,2,2,12.5,0.7500,0.0000,16.250,7.500,8.750,23.75,0.000,0,0,15
Mono-lightning,Random,muju-phasing-1 h3,4,2,0,2,0.5000,0.1500,0.8500,1,2,1,2,15.3,0.7500,0.5000,19.250,9.500,9.750,29.25,0.000,0,0,50
Mono-lightning,Rush,muju-phasing-1 h0,4,1,3,0,0.2500,0.0456,0.6994,1,2,0,2,10.0,0.2500,0.0000,50.000,10.500,39.500,18.25,0.000,0,0,28
Mono-lightning,Rush,muju-phasing-1 h3,4,1,3,0,0.2500,0.0456,0.6994,1,2,0,2,11.0,0.2500,0.0000,51.750,9.750,42.000,20.25,0.000,0,0,24
Mono-lightning,Tier1Spam,muju-phasing-1 h0,4,0,4,0,0.0000,0.0000,0.4899,0,2,0,2,13.0,0.0000,0.0000,50.750,12.000,38.750,24.50,0.000,0,0,21
Mono-lightning,Tier1Spam,muju-phasing-1 h3,4,0,4,0,0.0000,0.0000,0.4899,0,2,0,2,15.8,0.0000,0.0000,70.000,13.500,56.500,30.00,0.000,0,0,39
Mono-lightning,Turtle,muju-phasing-1 h0,4,4,0,0,1.0000,0.5101,1.0000,2,2,2,2,24.0,1.0000,0.0000,21.750,18.250,3.500,46.75,0.000,0,0,14
Mono-lightning,Turtle,muju-phasing-1 h3,4,2,1,1,0.5000,0.1500,0.8500,1,2,1,2,31.5,0.6250,0.2500,34.000,28.250,5.750,61.75,0.000,0,0,18
Mono-metal,Mono-plant,muju-phasing-1 h0,4,1,0,3,0.2500,0.0456,0.6994,0,2,1,2,11.3,0.6250,0.7500,11.000,6.500,4.500,21.75,0.000,0,0,10
Mono-metal,Mono-plant,muju-phasing-1 h3,4,0,0,4,0.0000,0.0000,0.4899,0,2,0,2,11.5,0.5000,1.0000,12.250,6.750,5.500,22.75,0.000,0,0,10
Mono-metal,Mono-shadow,muju-phasing-1 h0,4,1,0,3,0.2500,0.0456,0.6994,0,2,1,2,16.3,0.6250,0.7500,16.750,8.500,8.250,31.75,0.000,0,0,13
Mono-metal,Mono-shadow,muju-phasing-1 h3,4,2,0,2,0.5000,0.1500,0.8500,2,2,0,2,15.8,0.7500,0.5000,15.500,8.000,7.500,30.50,0.000,0,0,17
Mono-metal,Mono-water,muju-phasing-1 h0,4,0,0,4,0.0000,0.0000,0.4899,0,2,0,2,10.3,0.5000,1.0000,8.750,5.250,3.500,20.00,0.000,0,0,8
Mono-metal,Mono-water,muju-phasing-1 h3,4,0,0,4,0.0000,0.0000,0.4899,0,2,0,2,11.5,0.5000,1.0000,10.750,6.250,4.500,22.75,0.000,0,0,9
Mono-metal,Random,muju-phasing-1 h0,4,0,0,4,0.0000,0.0000,0.4899,0,2,0,2,20.8,0.5000,1.0000,19.000,9.250,9.750,41.25,0.000,0,0,65
Mono-metal,Random,muju-phasing-1 h3,4,1,0,3,0.2500,0.0456,0.6994,1,2,0,2,11.0,0.6250,0.7500,16.000,7.000,9.000,21.00,0.000,0,0,29
Mono-metal,Rush,muju-phasing-1 h0,4,0,3,1,0.0000,0.0000,0.4899,0,2,0,2,26.0,0.1250,0.2500,103.750,7.750,96.000,51.00,0.000,0,0,89
Mono-metal,Rush,muju-phasing-1 h3,4,0,4,0,0.0000,0.0000,0.4899,0,2,0,2,20.8,0.0000,0.0000,111.750,8.750,103.000,39.50,0.000,0,0,116
Mono-metal,Tier1Spam,muju-phasing-1 h0,4,0,2,2,0.0000,0.0000,0.4899,0,2,0,2,26.8,0.2500,0.5000,92.500,8.250,84.250,52.75,0.000,0,0,52
Mono-metal,Tier1Spam,muju-phasing-1 h3,4,0,1,3,0.0000,0.0000,0.4899,0,2,0,2,22.3,0.3750,0.7500,71.500,9.000,62.500,43.75,0.000,0,0,46
Mono-metal,Turtle,muju-phasing-1 h0,4,0,0,4,0.0000,0.0000,0.4899,0,2,0,2,7.5,0.5000,1.0000,8.750,6.000,2.750,14.50,0.000,0,0,7
Mono-metal,Turtle,muju-phasing-1 h3,4,0,0,4,0.0000,0.0000,0.4899,0,2,0,2,7.0,0.5000,1.0000,7.500,5.000,2.500,13.50,0.000,0,0,6
Mono-plant,Mono-shadow,muju-phasing-1 h0,4,0,0,4,0.0000,0.0000,0.4899,0,2,0,2,22.0,0.5000,1.0000,18.500,8.250,10.250,43.50,0.000,0,0,12
Mono-plant,Mono-shadow,muju-phasing-1 h3,4,0,1,3,0.0000,0.0000,0.4899,0,2,0,2,17.5,0.3750,0.7500,16.000,7.500,8.500,34.25,0.000,0,0,11
Mono-plant,Mono-water,muju-phasing-1 h0,4,0,0,4,0.0000,0.0000,0.4899,0,2,0,2,12.5,0.5000,1.0000,10.250,5.750,4.500,24.75,0.000,0,0,10
Mono-plant,Mono-water,muju-phasing-1 h3,4,0,0,4,0.0000,0.0000,0.4899,0,2,0,2,10.0,0.5000,1.0000,8.250,4.750,3.500,19.75,0.000,0,0,7
Mono-plant,Random,muju-phasing-1 h0,4,1,0,3,0.2500,0.0456,0.6994,0,2,1,2,15.3,0.6250,0.7500,13.000,7.000,6.000,29.50,0.000,0,0,44
Mono-plant,Random,muju-phasing-1 h3,4,0,0,4,0.0000,0.0000,0.4899,0,2,0,2,18.3,0.5000,1.0000,16.500,7.750,8.750,36.25,0.000,0,0,52
Mono-plant,Rush,muju-phasing-1 h0,4,0,4,0,0.0000,0.0000,0.4899,0,2,0,2,22.0,0.0000,0.0000,107.250,7.750,99.500,42.25,0.000,0,0,125
Mono-plant,Rush,muju-phasing-1 h3,4,0,4,0,0.0000,0.0000,0.4899,0,2,0,2,16.3,0.0000,0.0000,94.000,7.000,87.000,31.25,0.000,0,0,83
Mono-plant,Tier1Spam,muju-phasing-1 h0,4,1,3,0,0.2500,0.0456,0.6994,0,2,1,2,18.3,0.2500,0.0000,78.000,6.750,71.250,35.00,0.000,0,0,47
Mono-plant,Tier1Spam,muju-phasing-1 h3,4,0,4,0,0.0000,0.0000,0.4899,0,2,0,2,20.0,0.0000,0.0000,77.000,6.000,71.000,38.75,0.000,0,0,48
Mono-plant,Turtle,muju-phasing-1 h0,4,0,0,4,0.0000,0.0000,0.4899,0,2,0,2,7.5,0.5000,1.0000,6.750,4.500,2.250,14.50,0.000,0,0,5
Mono-plant,Turtle,muju-phasing-1 h3,4,0,0,4,0.0000,0.0000,0.4899,0,2,0,2,8.0,0.5000,1.0000,6.500,4.000,2.500,15.75,0.000,0,0,5
Mono-shadow,Mono-water,muju-phasing-1 h0,4,0,1,3,0.0000,0.0000,0.4899,0,2,0,2,12.5,0.3750,0.7500,13.000,8.500,4.500,24.25,0.000,0,0,7
Mono-shadow,Mono-water,muju-phasing-1 h3,4,0,2,2,0.0000,0.0000,0.4899,0,2,0,2,15.3,0.2500,0.5000,13.250,7.750,5.500,29.50,0.000,0,0,10
Mono-shadow,Random,muju-phasing-1 h0,4,4,0,0,1.0000,0.5101,1.0000,2,2,2,2,11.8,1.0000,0.0000,14.000,5.750,8.250,22.00,0.000,0,0,30
Mono-shadow,Random,muju-phasing-1 h3,4,3,0,1,0.7500,0.3006,0.9544,2,2,1,2,7.5,0.8750,0.2500,10.250,4.750,5.500,14.00,0.000,0,0,35
Mono-shadow,Rush,muju-phasing-1 h0,4,1,2,1,0.2500,0.0456,0.6994,1,2,0,2,26.0,0.3750,0.2500,100.500,11.250,89.250,50.50,0.000,0,0,59
Mono-shadow,Rush,muju-phasing-1 h3,4,1,3,0,0.2500,0.0456,0.6994,0,2,1,2,21.5,0.2500,0.0000,95.750,10.250,85.500,41.75,0.000,0,0,61
Mono-shadow,Tier1Spam,muju-phasing-1 h0,4,0,4,0,0.0000,0.0000,0.4899,0,2,0,2,20.0,0.0000,0.0000,74.250,11.000,63.250,38.50,0.000,0,0,35
Mono-shadow,Tier1Spam,muju-phasing-1 h3,4,0,4,0,0.0000,0.0000,0.4899,0,2,0,2,17.8,0.0000,0.0000,70.500,10.750,59.750,34.00,0.000,0,0,38
Mono-shadow,Turtle,muju-phasing-1 h0,4,1,0,3,0.2500,0.0456,0.6994,0,2,1,2,17.3,0.6250,0.7500,11.750,7.000,4.750,33.75,0.000,0,0,11
Mono-shadow,Turtle,muju-phasing-1 h3,4,0,2,2,0.0000,0.0000,0.4899,0,2,0,2,24.5,0.2500,0.5000,18.250,11.000,7.250,48.00,0.000,0,0,15
Mono-water,Random,muju-phasing-1 h0,4,0,0,4,0.0000,0.0000,0.4899,0,2,0,2,12.8,0.5000,1.0000,14.000,5.000,9.000,25.00,0.000,0,0,39
Mono-water,Random,muju-phasing-1 h3,4,2,0,2,0.5000,0.1500,0.8500,1,2,1,2,16.5,0.7500,0.5000,14.500,6.000,8.500,31.75,0.000,0,0,39
Mono-water,Rush,muju-phasing-1 h0,4,0,3,1,0.0000,0.0000,0.4899,0,2,0,2,29.3,0.1250,0.2500,98.500,7.500,91.000,57.25,0.000,0,0,52
Mono-water,Rush,muju-phasing-1 h3,4,0,4,0,0.0000,0.0000,0.4899,0,2,0,2,35.0,0.0000,0.0000,126.500,10.750,115.750,69.00,0.000,0,0,94
Mono-water,Tier1Spam,muju-phasing-1 h0,4,0,3,1,0.0000,0.0000,0.4899,0,2,0,2,34.8,0.1250,0.2500,79.000,7.250,71.750,68.75,0.000,0,0,51
Mono-water,Tier1Spam,muju-phasing-1 h3,4,0,3,1,0.0000,0.0000,0.4899,0,2,0,2,22.8,0.1250,0.2500,67.250,5.250,62.000,44.25,0.000,0,0,33
Mono-water,Turtle,muju-phasing-1 h0,4,1,0,3,0.2500,0.0456,0.6994,0,2,1,2,10.3,0.6250,0.7500,6.250,3.750,2.500,19.50,0.000,0,0,7
Mono-water,Turtle,muju-phasing-1 h3,4,0,0,4,0.0000,0.0000,0.4899,0,2,0,2,7.3,0.5000,1.0000,5.750,3.000,2.750,14.25,0.000,0,0,7
Random,Rush,muju-phasing-1 h0,4,0,2,2,0.0000,0.0000,0.4899,0,2,0,2,12.0,0.2500,0.5000,66.000,7.250,58.750,23.25,0.000,0,0,142
Random,Rush,muju-phasing-1 h3,4,0,3,1,0.0000,0.0000,0.4899,0,2,0,2,12.8,0.1250,0.2500,78.750,6.500,72.250,24.50,0.000,0,0,170
Random,Tier1Spam,muju-phasing-1 h0,4,0,2,2,0.0000,0.0000,0.4899,0,2,0,2,19.8,0.2500,0.5000,100.750,11.250,89.500,38.50,0.000,0,0,187
Random,Tier1Spam,muju-phasing-1 h3,4,0,2,2,0.0000,0.0000,0.4899,0,2,0,2,13.8,0.2500,0.5000,64.000,7.750,56.250,26.50,0.000,0,0,122
Random,Turtle,muju-phasing-1 h0,4,0,0,4,0.0000,0.0000,0.4899,0,2,0,2,6.3,0.5000,1.0000,9.000,7.250,1.750,12.50,0.000,0,0,5
Random,Turtle,muju-phasing-1 h3,4,0,0,4,0.0000,0.0000,0.4899,0,2,0,2,5.0,0.5000,1.0000,9.250,7.250,2.000,10.00,0.000,0,0,4
Rush,Tier1Spam,muju-phasing-1 h0,4,1,1,2,0.2500,0.0456,0.6994,1,2,0,2,56.0,0.5000,0.5000,229.000,146.500,82.500,110.75,0.000,0,0,379
Rush,Tier1Spam,muju-phasing-1 h3,4,0,2,2,0.0000,0.0000,0.4899,0,2,0,2,60.5,0.2500,0.5000,229.000,140.750,88.250,120.00,0.000,0,0,320
Rush,Turtle,muju-phasing-1 h0,4,3,0,1,0.7500,0.3006,0.9544,2,2,1,2,10.3,0.8750,0.2500,57.750,56.000,1.750,19.50,0.000,0,0,89
Rush,Turtle,muju-phasing-1 h3,4,4,0,0,1.0000,0.5101,1.0000,2,2,2,2,18.0,1.0000,0.0000,114.500,110.250,4.250,34.25,0.000,0,0,243
Tier1Spam,Turtle,muju-phasing-1 h0,4,2,0,2,0.5000,0.1500,0.8500,2,2,0,2,13.3,0.7500,0.5000,63.000,59.250,3.750,25.25,0.000,0,0,36
Tier1Spam,Turtle,muju-phasing-1 h3,4,3,0,1,0.7500,0.3006,0.9544,2,2,1,2,18.3,0.8750,0.2500,85.750,82.000,3.750,35.00,0.000,0,0,70
